Name,Place,Review
Amit,Goa,Great experience using this app! Helped a lot in trip planning.
Priya,Manali,"Loved the travel suggestions, very accurate and useful."
Ravi,Jaipur,Budget tracking feature is really handy. Good job!
Sneha,Kerala,"Found amazing places to visit, thanks to this app."
Karan,Agra,"Customer reviews section is a nice touch, feels interactive."
Neha,Rajasthan,Would love to see more filters for better trip planning.
Rahul,Goa,Saved me a lot of hassle while planning my Goa trip. Highly recommended!
Anjali,Ooty,Simple and easy to use. UI could be improved though.
Vikram,Leh,Perfect app for budget travelers. Works well!
Meera,Varanasi,Had a smooth experience. More local recommendations would be great!
Aarav,Shimla,"Amazing hill station suggestions, loved the experience!"
Pooja,Mumbai,"Easy to navigate app, made my trip stress-free."
Siddharth,Darjeeling,"Tea gardens and hills were breathtaking, thanks for the help."
Kavita,Jaisalmer,"Best desert travel guide, highly recommended!"
Harsh,Mysore,"Cultural trip was perfect, app was very useful."
Ritika,Hampi,"Historical places are well categorized, loved the experience."
Sumit,Chennai,"Nice UI, good travel options, worked smoothly."
Isha,Goa,Best recommendations for beaches and party places.
Rohan,Delhi,Helpful for exploring heritage sites and monuments.
Ananya,Udaipur,"Loved the lake city, app made bookings easy."
Aditya,Pondicherry,Great travel guide for a peaceful vacation.
Sakshi,Andaman & Nicobar,"Loved the island suggestions, really helpful."
Akash,Jim Corbett,"Amazing forest adventure, great wildlife recommendations."
Vishal,Kaziranga,Found the best spots for wildlife photography!
Nidhi,Bikaner,Best food recommendations for Rajasthani cuisine.
Gautam,Kolkata,"Durga Puja experience was amazing, well-planned trip."
Tanisha,Mussoorie,"Loved the hill stations, suggestions were perfect."
Kabir,Alleppey,"Best backwater travel recommendations, smooth experience."
Divya,Rameswaram,"Temple tours were well listed, helped a lot."
Raj,Mahabaleshwar,Strawberry farms and viewpoints were perfectly planned!
Simran,Shillong,"Best northeast trip, well curated destinations."
Yash,Gokarna,"Hidden beaches were well listed, great app."
Kunal,Mount Abu,"Calm and scenic travel recommendations, very helpful."
Rashmi,Ranthambore,"Loved the wildlife safaris, great tracking feature."
Deepak,Tawang,"Remote places were well categorized, nice recommendations."
Bhavya,Ajanta & Ellora,Historical trips were easy to plan.
Sanya,Varanasi,Spiritual experience was enhanced by great place suggestions.
Aryan,Coorg,"Coffee plantations were beautiful, loved the itinerary."
Jatin,Sundarbans,"Great experience spotting tigers, well-planned routes."
Meenal,Periyar,Forest and trekking trails were amazing!
Vinay,Kumarakom,"Relaxing and peaceful, great houseboat suggestions."
Tisha,Lakshadweep,"Best snorkeling and diving spots listed, loved it!"
Arjun,Nainital,Boating and sightseeing locations were well planned.
Snehal,Cherrapunji,"Rainy experience was magical, thanks for the recommendations."
Harini,Konark,"Sun Temple was stunning, easy to plan the trip."
Manan,Kovalam,"Best beach trip, smooth travel planning."
Madhav,Tirupati,Pilgrimage suggestions were well organized.
Neeraj,Munnar,"Tea gardens were mesmerizing, loved the experience."
Tarun,Guwahati,Great recommendations for Assam’s cultural spots.
Pallavi,Delhi,Helpful tips for exploring old Delhi and street food.
Sahil,Mumbai,"Best shopping and nightlife suggestions, very useful."
Kiran,Bangalore,City tours and weekend getaways were great.
Deeksha,Haridwar,"Spiritual trip well planned, loved the experience."
Ramesh,Chandigarh,Rock Garden and nearby places were great.
Sunil,Hyderabad,Food and sightseeing options were perfectly categorized.
Lavanya,Madurai,"Temple city tour was informative, good suggestions."
Umesh,Patna,"Historical spots well curated, very helpful."
Ishaan,Bhubaneswar,"Nice heritage walk routes, very smooth."
Preeti,Jaipur,Rajasthani forts and palaces were easy to explore.
Rudra,Agra,Taj Mahal visit was perfectly planned.
Shruti,Ahmedabad,"Heritage sites were well listed, great experience."
Naman,Surat,Food and textile shopping recommendations were spot on.
Vibha,Panaji,Goa’s capital city suggestions were helpful.
Hemant,Trivandrum,Kerala’s capital was great to explore using this app.
Navya,Indore,Great food places and heritage recommendations.
Ritika,Lucknow,Best recommendations for historical monuments.
Harshit,Amritsar,Golden Temple visit was well planned.
Jeevan,Gangtok,Best northeast hill station recommendations.
Kishan,Vadodara,Nice place suggestions for a family trip.
Suhana,Mysore,Great heritage recommendations for city tour.
Zara,Coimbatore,Easy navigation and smooth experience.
Suresh,Aurangabad,"Best fort recommendations, well categorized."
Bhavesh,Nagpur,Nice wildlife and historical site recommendations.
kalpesh,Goa,it is the best place to visit
kalpesh,jui,hii
kalpesh,goa,nice place
abc,op,heee
abx,ko,hii
